loss,mean_iou,mean_accuracy,epoch,step
2.1282691955566406,0.04432793129437077,0.09992881741276939,0,49
1.7923011779785156,0.13703195855019792,0.26194327089259206,0,99
1.1202096939086914,0.15134771621501517,0.2599916763614782,1,149
1.6238471269607544,0.15333524017804123,0.2510438851425052,1,199
1.982662558555603,0.14034937981941492,0.27137893655679884,2,249
0.8370125889778137,0.16812408629569703,0.2676978344280093,2,299
1.1709561347961426,0.22181846309735848,0.28474012413461297,3,349
1.1210867166519165,0.29180597077009185,0.3608103779305943,3,399
0.8590385317802429,0.21712677801369829,0.29204561930435935,4,449
0.8510238528251648,0.23431029936080744,0.29168433509802266,4,499
0.7976112961769104,0.2895294664066793,0.3410043441554049,5,549
0.786384642124176,0.27614682506239696,0.341050217237828,5,599
0.6612626314163208,0.37562736217053827,0.474450034918158,6,649
0.5706538558006287,0.2631968528937742,0.313082023095909,6,699
0.6449198722839355,0.23695651928054678,0.3115777681239203,6,749
1.714632511138916,0.23225913759760328,0.2990183886137337,7,799
0.5545766353607178,0.28374995433709055,0.36653348091821353,7,849
0.6067925691604614,0.2435788549885511,0.3069089943641095,8,899
0.2506174147129059,0.23181101056617967,0.28806526306854596,8,949
1.1185065507888794,0.3778274178886729,0.45473645514734645,9,999
0.4695049822330475,0.33723690920102734,0.39150775584666275,9,1049
1.023298740386963,0.2106584357409833,0.28974679362996686,10,1099
0.2733403742313385,0.31823693354361343,0.3754553675349059,10,1149
0.7102559804916382,0.3587738568612283,0.41792768625646076,11,1199
0.5565454959869385,0.3242066511583452,0.3864430413039898,11,1249
0.558403491973877,0.370575969973572,0.4522009127083691,12,1299
0.17535844445228577,0.2984268769572525,0.3496138602286556,12,1349
0.394606351852417,0.334002371262196,0.4068108111713505,12,1399
0.48355069756507874,0.29359334937451476,0.35726794956162233,13,1449
0.24534952640533447,0.3698408696514428,0.4331229057216435,13,1499
0.28509098291397095,0.5580135063849964,0.6159936812600615,14,1549
0.4851548969745636,0.3423125508539689,0.41574229846421545,14,1599
0.5927249789237976,0.3750912687726194,0.4413820203116795,15,1649
0.2510216236114502,0.3867690119596738,0.43397266192918993,15,1699
0.36245256662368774,0.4525308104562818,0.5242411219499624,16,1749
0.1481112837791443,0.4093651209513653,0.45098274540896277,16,1799
1.2903269529342651,0.36290500616980653,0.40927156478819793,17,1849
0.5467411875724792,0.5228610307422612,0.6100781089329638,17,1899
0.2401341050863266,0.35431376862890407,0.4348565622957465,18,1949
0.371624618768692,0.31482744140031466,0.37647916025384653,18,1999
0.5275998711585999,0.3181190519640663,0.38912767889890876,18,2049
1.3363029956817627,0.2700085285462029,0.36356797488263454,19,2099
0.17387136816978455,0.3848213033957449,0.4730576115477613,19,2149
0.40658095479011536,0.4014200538684673,0.4624771880382547,20,2199
0.6290999054908752,0.401333657641566,0.4795390542391358,20,2249
0.10771188884973526,0.32105922319791713,0.38770409383281157,21,2299
0.38836905360221863,0.3322641929964801,0.4234758623180946,21,2349
0.8156819939613342,0.4682914614842087,0.5456124371528696,22,2399
0.13931302726268768,0.42607460123328716,0.5017366301163481,22,2449
0.2144535481929779,0.3754595024785206,0.4280240788848168,23,2499
0.24333946406841278,0.4558116611743007,0.5229624582258461,23,2549
0.7952083349227905,0.3710269496642558,0.4294699014747493,24,2599
0.5140852332115173,0.4719346791403239,0.5319383944830003,24,2649
0.30280083417892456,0.48942154738668586,0.5563705424134114,24,2699
0.26875436305999756,0.3523674995346652,0.4209064920305608,25,2749
0.17403443157672882,0.45454682657631595,0.4995494221597765,25,2799
0.3737371265888214,0.4822748920967774,0.5307169533590502,26,2849
0.8666504621505737,0.4154522501972765,0.47022437350662366,26,2899
0.223563551902771,0.3585529679823239,0.4172054337116745,27,2949
0.3828601837158203,0.29930945725729946,0.36430802342228946,27,2999
1.3047449588775635,0.4119218782441231,0.4723549287472197,28,3049
0.33788394927978516,0.40885606157493065,0.46558188216639984,28,3099
0.31665128469467163,0.36785002220661184,0.42746398029692284,29,3149
0.26783180236816406,0.42487044859983253,0.4744455298067238,29,3199
0.10089806467294693,0.5410343354152118,0.6017719944284956,30,3249
0.14852409064769745,0.477214232164379,0.5328315834233938,30,3299
0.49848970770835876,0.390559544280134,0.4546349624474179,31,3349
0.22007228434085846,0.4676005271227863,0.5685723314658414,31,3399
0.3626483082771301,0.40391086510633295,0.47918819729844825,31,3449
0.11545554548501968,0.4146530375118033,0.4721869672978496,32,3499
0.2403155416250229,0.4062217779582964,0.47359912023707423,32,3549
0.2575570344924927,0.33774465082605837,0.38590862130345877,33,3599
0.4197002947330475,0.41165783142336254,0.4793645648262899,33,3649
0.18289193511009216,0.33167537003990877,0.3809337441112458,34,3699
0.3805546164512634,0.4097510773873096,0.4775419963524454,34,3749
0.2856467366218567,0.41187910055030647,0.46294747189226176,35,3799
0.32684221863746643,0.4293488897822254,0.48457194557744326,35,3849
0.42468971014022827,0.3208946034739618,0.3878905136368373,36,3899
0.21508845686912537,0.41117505876509264,0.4717157485413301,36,3949
0.192704439163208,0.38037855739393883,0.43939794098727497,37,3999
0.18971604108810425,0.423564523608662,0.48676152407110435,37,4049
0.31716951727867126,0.43388160594946806,0.49192610164790607,37,4099
0.15151347219944,0.35715080503250096,0.42189552923993273,38,4149
0.19773517549037933,0.45568657675081314,0.5145327858908108,38,4199
0.6317543983459473,0.33622230034339606,0.3944330398654547,39,4249
0.6928938627243042,0.3530396187297898,0.42319703167877837,39,4299
0.040949832648038864,0.4521467496232002,0.5178081905459195,40,4349
0.12926062941551208,0.7252153408273745,0.7957858042497314,40,4399
0.48255178332328796,0.45110538593882704,0.5082171776461635,41,4449
0.12059689313173294,0.43826049339363093,0.5161504618275301,41,4499
0.06748642027378082,0.46752672473505746,0.510819133842309,42,4549
0.15199242532253265,0.5151496425407013,0.5722688278118989,42,4599
0.10003180801868439,0.42126756992944386,0.4877509234177833,43,4649
0.3361286520957947,0.5077528553592232,0.5587943504128725,43,4699
0.10478989034891129,0.3995910652783578,0.4559457583835253,43,4749
0.1424780786037445,0.4154016410210728,0.5015893604340219,44,4799
0.2736433148384094,0.30128378836662234,0.377072425499511,44,4849
0.3295762240886688,0.4643183872869952,0.5240183019062415,45,4899
0.060857731848955154,0.43544732023812266,0.5262325541922119,45,4949
0.08279827237129211,0.44883377081090314,0.5110146679003357,46,4999
0.21257610619068146,0.5822792970210975,0.6732544684773896,46,5049
0.3316618800163269,0.5085747945466815,0.5661233631314946,47,5099
0.1982736885547638,0.398300964295448,0.47007171785043683,47,5149
1.0034068822860718,0.40235258574829535,0.4666166622624993,48,5199
0.4128018617630005,0.42724332340960014,0.48808762802247446,48,5249
0.30645856261253357,0.43189844403096395,0.48460296594016955,49,5299
0.47173795104026794,0.437019408798392,0.5132205670562527,49,5349
0.42807599902153015,0.4579754475390078,0.5355778804635738,49,5399
0.0396554097533226,0.40280759347566963,0.4646080137161375,50,5449
0.28575682640075684,0.4954289458283124,0.5592650815092265,50,5499
0.2693931460380554,0.4114531993876104,0.4809733172827452,51,5549
0.16039422154426575,0.48849503556026913,0.5541454759767934,51,5599
1.353244662284851,0.46696549699988693,0.5388102187804718,52,5649
0.31110048294067383,0.41328943396726675,0.48246726031825216,52,5699
0.11264675855636597,0.4934091943915737,0.5595449134763401,53,5749
0.33291247487068176,0.43147207517895564,0.523852504104292,53,5799
0.07444125413894653,0.469185479861945,0.5314939169223835,54,5849
0.17303059995174408,0.5500720727275535,0.588241835721976,54,5899
0.19578057527542114,0.5313153593767863,0.6032788678221535,55,5949
0.152930349111557,0.4624943597668076,0.5226558367799151,55,5999
0.2810979187488556,0.45647822893456486,0.5390116200401089,56,6049
0.07051882892847061,0.5228170072546529,0.5784238026200228,56,6099
0.18379980325698853,0.5725037532355387,0.6576167696221942,56,6149
0.2291148602962494,0.46749881926636,0.5466767635108468,57,6199
0.3752328157424927,0.4660765827838315,0.5233751051880634,57,6249
0.32536640763282776,0.40684137676466214,0.47277611614860066,58,6299
0.23806548118591309,0.42456593264369474,0.47152102012623814,58,6349
0.11309593170881271,0.4099572405955798,0.4509422032649543,59,6399
0.3223971128463745,0.524770659216109,0.5958160253831107,59,6449
0.2135838270187378,0.37235712962009054,0.4513732564342488,60,6499
0.3570834696292877,0.5174180265207882,0.5854080082765845,60,6549
1.0505038499832153,0.4159474799196409,0.4827301101988565,61,6599
0.3494659662246704,0.5250430926211497,0.5807109554371215,61,6649
0.03563465178012848,0.5011049224353279,0.550895968389088,62,6699
0.1423029750585556,0.47186663693676695,0.5305581592001222,62,6749
0.09312929958105087,0.43364905274941035,0.5146136759359243,62,6799
0.47067344188690186,0.539132620777368,0.5977196661809617,63,6849
0.06801096349954605,0.40343932494536544,0.48273848892579924,63,6899
0.07382970303297043,0.464893901959214,0.530782424281521,64,6949
0.525752604007721,0.5478002269059629,0.6068844131279786,64,6999
0.47768673300743103,0.4863195835723717,0.5408003243908065,65,7049
0.36891964077949524,0.49316477399690245,0.5556193799397144,65,7099
0.16416297852993011,0.5382490677594122,0.5903177538924046,66,7149
0.26330190896987915,0.4466940174853041,0.5128014359913152,66,7199
0.15972234308719635,0.39694662584864976,0.4496164611440531,67,7249
0.48293960094451904,0.46468471861880734,0.5281292641644191,67,7299
0.041419852524995804,0.5423943012255152,0.6043527391540925,68,7349
0.03454912453889847,0.4816143387629163,0.5225256991579892,68,7399
0.0815834328532219,0.615588731707948,0.673957965272538,68,7449
0.20181646943092346,0.4365290656259054,0.4936315418635148,69,7499
0.10115385800600052,0.44403806620611597,0.4940033039040768,69,7549
0.136174738407135,0.6591365532410475,0.7268858388980796,70,7599
0.13267745077610016,0.4792719843419115,0.5253188764988038,70,7649
0.051319509744644165,0.4786531017325562,0.5451182852087768,71,7699
0.4364202320575714,0.5512120147190454,0.6076233265984777,71,7749
0.3636576533317566,0.490955700044477,0.5709939466149673,72,7799
0.24005445837974548,0.5770272316934242,0.6364368244757883,72,7849
0.12197773903608322,0.46692185190695557,0.5192551076677705,73,7899
0.34099939465522766,0.570211876805425,0.6456321905014804,73,7949
0.3230278491973877,0.39112227536068245,0.4749265189764885,74,7999
0.45599719882011414,0.4861377934392854,0.5487701477296437,74,8049
0.1358042061328888,0.48611050060110167,0.5333712926706322,74,8099
0.18083655834197998,0.4388477016412197,0.4913421706152469,75,8149
0.28364938497543335,0.5193978397452103,0.5711072766958303,75,8199
0.06703076511621475,0.5845469226959599,0.6623726544214819,76,8249
0.13914106786251068,0.5102828398011005,0.5755477977303846,76,8299
0.2501850128173828,0.5437736009768139,0.6078575281410749,77,8349
0.3210754692554474,0.5602447158272892,0.6202585430891245,77,8399
0.11941268295049667,0.5011105728264056,0.5837608632556363,78,8449
0.14255788922309875,0.533503435224668,0.5919521711071817,78,8499
0.9079083800315857,0.5402692342907217,0.6235848622351964,79,8549
0.017532318830490112,0.6509723951337746,0.7215502323902213,79,8599
0.13317807018756866,0.3962921643063423,0.45273761075637087,80,8649
0.7743164300918579,0.5494874957759099,0.619124386359554,80,8699
0.04880779609084129,0.4960424476501017,0.5648524742560763,81,8749
0.20977343618869781,0.44453807127671935,0.518130699877035,81,8799
0.06576155126094818,0.5597593783296905,0.6310759014945511,81,8849
0.01970970630645752,0.49169859321212944,0.5510722761283946,82,8899
0.06751935184001923,0.49385032674306767,0.5381792322639575,82,8949
0.31097421050071716,0.44346459156571116,0.5125414123342454,83,8999
0.014737577177584171,0.600400443172374,0.6643494731233878,83,9049
0.19424431025981903,0.5536788504632633,0.6206892611721367,84,9099
0.09038254618644714,0.5695353403211074,0.6107075354561898,84,9149
0.6292548775672913,0.6105405037085457,0.6675632877409945,85,9199
0.16840988397598267,0.4715606861097231,0.5150120619396279,85,9249
0.3139420449733734,0.46614272933316253,0.536822262810501,86,9299
0.2885352075099945,0.4755578067915809,0.5455579701352938,86,9349
0.08208414167165756,0.7025778941587688,0.7985635973839105,87,9399
0.015382136218249798,0.5643093006835941,0.6532078452533442,87,9449
0.18011178076267242,0.4671570071267403,0.5363783902723354,87,9499
0.11659301072359085,0.5522463029446867,0.5973958479393007,88,9549
0.06309996545314789,0.6732318865127539,0.7343033637672165,88,9599
0.7735300660133362,0.4455408335189883,0.5275145958325886,89,9649
0.11036223918199539,0.4660355461990389,0.5135298000597909,89,9699
0.01398012787103653,0.5381606437072859,0.6114619557282287,90,9749
0.06048053503036499,0.4901730859657946,0.5570490231965922,90,9799
0.7342494130134583,0.5287548421251155,0.5863559225036463,91,9849
0.1637972742319107,0.43166654325766723,0.4973952391077981,91,9899
0.04279228299856186,0.541878952577833,0.6122672535758744,92,9949
0.12477375566959381,0.6985929119504051,0.7427068642805111,92,9999
0.23816587030887604,0.49303138406066455,0.5479292027058142,93,10049
0.21953755617141724,0.6083898155168429,0.68485340783845,93,10099
0.32130545377731323,0.5953294444125784,0.6639921048720453,93,10149
0.057675182819366455,0.829949112395021,0.900852312181059,94,10199
0.11647819727659225,0.5854316988181827,0.6531649602967502,94,10249
0.1343197226524353,0.5721280310547548,0.6326850430863662,95,10299
0.6911276578903198,0.540125319880658,0.629112613173801,95,10349
0.05665662884712219,0.5380864667611941,0.5926464358448507,96,10399
0.316690057516098,0.6015025895675988,0.6781193388684034,96,10449
0.023291517049074173,0.5424996149592239,0.5899827894378603,97,10499
0.1650383472442627,0.5560910717425355,0.6118882225850548,97,10549
0.2864636182785034,0.4984199020698794,0.5655814526890701,98,10599
0.14160707592964172,0.5588313408491443,0.5993294518230671,98,10649
0.3972037434577942,0.5034472669128959,0.5967530623311861,99,10699
0.03889722004532814,0.42589257888295745,0.4781715739416535,99,10749
0.24645055830478668,0.7336271315260322,0.8000330519541871,99,10799
0.085579052567482,0.5360719039787164,0.593940636041788,100,10849
0.10177188366651535,0.5101030810218009,0.5619163359913996,100,10899
0.04925699532032013,0.5395420290446058,0.6250707264453431,101,10949
0.055020201951265335,0.4686421208699968,0.5196097248624536,101,10999
0.17973002791404724,0.6723545924525841,0.7453569250991072,102,11049
0.10505712032318115,0.6681806905773489,0.7558216315105012,102,11099
0.043811164796352386,0.5457756146662339,0.6265384071568808,103,11149
0.06081624701619148,0.5447924514444462,0.6140922521010058,103,11199
0.11408630013465881,0.5256998511860674,0.5856469565029098,104,11249
0.01788458414375782,0.5729000573444246,0.6533753640620424,104,11299
0.09551773965358734,0.5779395171263771,0.626900955114424,105,11349
0.10323826223611832,0.4985529575546592,0.5510084400240528,105,11399
0.013053500093519688,0.49949682411321944,0.5455025711677207,106,11449
0.014342413283884525,0.6430994186165739,0.7064168393369978,106,11499
0.11861703544855118,0.5649452971524155,0.6646529012577894,106,11549
0.029864026233553886,0.6252070528098177,0.695161663006318,107,11599
0.2086174488067627,0.49417353306505046,0.5559162135483445,107,11649
0.052481766790151596,0.597647464872542,0.6786124257934704,108,11699
0.41550037264823914,0.5117012059090104,0.5787580864875396,108,11749
0.19603651762008667,0.5818857760015508,0.6584110384831258,109,11799
0.37334659695625305,0.64610063650208,0.713394405871334,109,11849
0.1728382557630539,0.577671971700992,0.6295599324663225,110,11899
0.2606404721736908,0.495130055219622,0.5493123093759383,110,11949
0.2958814799785614,0.49439914277998387,0.5422313948363975,111,11999
0.045495498925447464,0.6453425746116965,0.7171355342090356,111,12049
0.32186490297317505,0.5821014797552678,0.6686243263283028,112,12099
0.08358091861009598,0.5900372173752397,0.6630080643405291,112,12149
0.40153446793556213,0.6244578390210477,0.7037400689006036,112,12199
0.02160286158323288,0.5379007132046073,0.7091223499103426,113,12249
0.2571106553077698,0.4965945512197734,0.5659461583612105,113,12299
0.09910910576581955,0.5931823110909835,0.6664992467257486,114,12349
0.3496229350566864,0.5416681955938786,0.6104219491296472,114,12399
0.2742514908313751,0.5099985995099457,0.5873124394550616,115,12449
0.6305631995201111,0.586678640002402,0.657784878156683,115,12499
0.3462187647819519,0.5459832926839446,0.6189072877560357,116,12549
0.15601292252540588,0.5572505039345997,0.6237853299687278,116,12599
0.023315999656915665,0.5852030217757344,0.6312612758734824,117,12649
0.09130380302667618,0.6050716587698318,0.6694017908281319,117,12699
0.19795125722885132,0.484930015585243,0.5512513358324914,118,12749
0.030988814309239388,0.6248246389114394,0.686112558487881,118,12799
0.09209287911653519,0.6403337888948418,0.7278468122509073,118,12849
0.2452801913022995,0.5496024707530884,0.6094650759261703,119,12899
0.07041594386100769,0.6366147708662255,0.7011188821904454,119,12949
0.05074913054704666,0.46217334184986447,0.5115623233888189,120,12999
0.1306343525648117,0.46102487465893977,0.5105366122038268,120,13049
0.36274898052215576,0.593908979761515,0.6640735001012799,121,13099
0.12765011191368103,0.6322047626598436,0.6976179478155727,121,13149
0.014761952683329582,0.46741223846023644,0.5104107610318344,122,13199
0.2708776295185089,0.6092939935884543,0.6671477332271726,122,13249
0.7322947978973389,0.7010816960595289,0.7723992346145002,123,13299
0.16721270978450775,0.5586705825811694,0.6078795956702508,123,13349
0.13885623216629028,0.6137652949891007,0.653469746479742,124,13399
0.27149516344070435,0.5006133338842146,0.5587654691758102,124,13449
0.17474046349525452,0.5772601349218446,0.6377075271231444,124,13499
0.21581241488456726,0.5647925918277953,0.6382115092992874,125,13549
0.04314818233251572,0.6391205550907227,0.7097044382357502,125,13599
0.011006626300513744,0.7158391339177879,0.7874484670941467,126,13649
0.19059543311595917,0.5645747746205647,0.6319286741543442,126,13699
0.571727454662323,0.5392076162436751,0.6088024159112139,127,13749
0.2699819803237915,0.6704435594663432,0.7570843492946558,127,13799
0.04761376604437828,0.772513514749028,0.8363253170978976,128,13849
0.0500439777970314,0.5584340702557277,0.6080439200472035,128,13899
0.009992006234824657,0.693187519601644,0.761148122591741,129,13949
0.07057087868452072,0.5304316805197421,0.5786649532805296,129,13999
0.22123782336711884,0.6088566312404112,0.6835733472365605,130,14049
0.044363901019096375,0.6747954436825815,0.739786512698317,130,14099
0.040852706879377365,0.6823681473628532,0.7457262953177473,131,14149
0.17198731005191803,0.5211111259320763,0.5813307901461535,131,14199
0.2033398151397705,0.5444848660544455,0.5829865991978335,131,14249
0.09079490602016449,0.6345602106939666,0.7035290741457356,132,14299
0.15507596731185913,0.6549735963486859,0.7038254151254071,132,14349
0.573794960975647,0.5825947702892772,0.6449110795213532,133,14399
0.23628562688827515,0.5786095606205491,0.6455300445313763,133,14449
0.0694388747215271,0.4548691267708226,0.49169909619520247,134,14499
0.06649300456047058,0.6194686891612454,0.6846267673760715,134,14549
0.02303759567439556,0.5173023518319354,0.5807643775809447,135,14599
0.07041989266872406,0.6219328804127136,0.7106227874258997,135,14649
0.03725701943039894,0.542654826753941,0.5918755181896248,136,14699
0.03035186603665352,0.4914413506490342,0.5518396575927099,136,14749
0.12446710467338562,0.6479565105382835,0.7032899662104226,137,14799
0.011631633155047894,0.6979860305212797,0.7706391668389666,137,14849
0.1720116287469864,0.5168247337042117,0.5665606888745685,137,14899
0.03173394873738289,0.66947309516482,0.7606587834711543,138,14949
0.028135454282164574,0.615316922915086,0.6959938766059575,138,14999
0.26947495341300964,0.5380219275670238,0.6896574918833959,139,15049
0.21315620839595795,0.6391109982445864,0.6812564253733654,139,15099
0.6963481903076172,0.6584736323674093,0.7120776704282356,140,15149
0.053867701441049576,0.49183322193001283,0.5383506697500221,140,15199
0.1857147216796875,0.5162155680349707,0.572696774403582,141,15249
0.06380071491003036,0.7134746233538651,0.7996087531731937,141,15299
0.05044597014784813,0.6646352206975527,0.7063040838287705,142,15349
0.14684611558914185,0.5060902677507166,0.5483314416963161,142,15399
0.020612794905900955,0.6367845436995407,0.6911168973661288,143,15449
0.059781789779663086,0.5625916957866233,0.6404068393966676,143,15499
0.0394456721842289,0.5945679063548256,0.6677643429369621,143,15549
0.04478758946061134,0.5635694872002135,0.6291986903355045,144,15599
0.21682694554328918,0.7019104740156594,0.8077356211961256,144,15649
0.048125434666872025,0.6881743967388103,0.7452989912659612,145,15699
0.12384691089391708,0.676515095561134,0.7717073633182737,145,15749
0.05998566746711731,0.51779104342559,0.5696126853968947,146,15799
0.556941032409668,0.6640388354212635,0.7695594971166336,146,15849
0.010983586311340332,0.6531505926797182,0.7340884971703675,147,15899
0.34569522738456726,0.5787179665378394,0.6380053714842935,147,15949
0.18307270109653473,0.5753914358591092,0.6352286655870756,148,15999
0.2244841307401657,0.7643089374039925,0.8218022370358659,148,16049
0.09502126276493073,0.678318801922457,0.7503173050204811,149,16099
0.03188413009047508,0.6372320995786361,0.7378931882139464,149,16149
0.08806540817022324,0.6480296337714848,0.6838496499659038,149,16199
0.009894142858684063,0.7365391286276024,0.8049299602579925,150,16249
0.031259097158908844,0.5862557679829419,0.6455780375017294,150,16299
0.6082534193992615,0.6169043046683306,0.6768132668127267,151,16349
0.02632465399801731,0.7483280077438632,0.8320711777150602,151,16399
0.05304720625281334,0.5419968028131888,0.5842116917820823,152,16449
0.020711243152618408,0.6728950674146601,0.7500980662077567,152,16499
0.3673943281173706,0.575058403005385,0.6393866503935174,153,16549
0.12249977886676788,0.5431862099220364,0.5890775451415747,153,16599
0.5223117470741272,0.5850987019119241,0.6389014967706471,154,16649
0.05251485854387283,0.5365091088010847,0.6816575984369627,154,16699
0.2616984248161316,0.6261383389878022,0.7198282026148237,155,16749
0.08619289845228195,0.5835808472488119,0.6401718966957156,155,16799
0.018381262198090553,0.5795335859614378,0.641162374389135,156,16849
0.12765121459960938,0.6886398935264411,0.7519452860784651,156,16899
0.10859720408916473,0.5616126058984305,0.6061325835443215,156,16949
0.14792144298553467,0.6167749667629024,0.6920214058423513,157,16999
0.12014748901128769,0.549143749915729,0.5971358303874053,157,17049
0.17437249422073364,0.7169631737912009,0.7700120900320925,158,17099
0.025486517697572708,0.5393052366077421,0.6049204224190105,158,17149
0.24937063455581665,0.567393253592191,0.6413576516895299,159,17199
0.05963548645377159,0.6179485379696287,0.6890270256451918,159,17249
0.13120979070663452,0.563665345898921,0.6215184702658083,160,17299
0.03026348166167736,0.6910283257141047,0.7690149727419782,160,17349
0.1243000328540802,0.6274438954368894,0.7036612606109884,161,17399
0.024908043444156647,0.642181321766177,0.7177809573216715,161,17449
0.13745863735675812,0.678364094108318,0.7301308969307936,162,17499
0.05808652192354202,0.6720229072814793,0.7391940414767088,162,17549
0.016589060425758362,0.5312976382587461,0.5626015770448213,162,17599
0.3520355224609375,0.6084332182297464,0.680957492639045,163,17649
0.025223877280950546,0.6270122784851339,0.6849878404987705,163,17699
0.3474274277687073,0.7383176980572789,0.8238340930631692,164,17749
0.1339176744222641,0.6950577587789989,0.7496476879296968,164,17799
0.02375386469066143,0.6260966410308982,0.7014217039260565,165,17849
0.14164580404758453,0.5998375167194181,0.6501797264402707,165,17899
0.08825282007455826,0.655330341228945,0.7602799254240846,166,17949
0.05838383734226227,0.6276764795808274,0.7036998719264823,166,17999
0.028227631002664566,0.5686942751871937,0.647703643142321,167,18049
0.10896081477403641,0.774725492432873,0.849008082745565,167,18099
0.27438148856163025,0.6450577381157924,0.7048351705677715,168,18149
0.15859273076057434,0.6157331778359537,0.6718146996374793,168,18199
0.0429265983402729,0.6302391840425442,0.7267156078988896,168,18249
0.1320807784795761,0.6860209920102055,0.7622747290847515,169,18299
0.2060014009475708,0.5161352060262115,0.6081346206168629,169,18349
0.021986830979585648,0.5590931862084004,0.6285932915913833,170,18399
0.277721643447876,0.6000311473823097,0.6735732430629808,170,18449
0.17486971616744995,0.6457006377454418,0.7223732240267758,171,18499
0.15671388804912567,0.6365366782497672,0.6893733371569292,171,18549
0.11509519815444946,0.6334129920424928,0.7175072048435376,172,18599
0.25132766366004944,0.6888601495556792,0.7951170617103427,172,18649
0.03273892402648926,0.5994964055787619,0.6557660032575864,173,18699
0.01800793595612049,0.8209588614597088,0.8948039335365144,173,18749
0.05333831533789635,0.7109227641295566,0.756546759482875,174,18799
0.10116109997034073,0.5969797077876304,0.6771745905448162,174,18849
0.03429664671421051,0.4550531593905608,0.5034373179828319,174,18899
0.10754615068435669,0.7935243862593008,0.8779021103892392,175,18949
0.08352439105510712,0.7002990120889171,0.7657168391239041,175,18999
0.20289269089698792,0.5940579723800068,0.6569373494186237,176,19049
0.0370120145380497,0.6628298412418466,0.7253892731198022,176,19099
0.02259676344692707,0.5735164459399452,0.6526200793366944,177,19149
0.20374047756195068,0.6338024885514798,0.7120539899716901,177,19199
0.2953621745109558,0.6565180736572541,0.7174164931366059,178,19249
0.4662611484527588,0.6841615242554666,0.7708053125875179,178,19299
0.2988958954811096,0.5766376027640839,0.6390130671773099,179,19349
0.10411078482866287,0.6146819227473257,0.6832818832848425,179,19399
0.44595637917518616,0.6574241318438577,0.7200860030565461,180,19449
0.1043311357498169,0.6538138050963614,0.7119121192116228,180,19499
0.24876829981803894,0.6363046475454321,0.7067282201353001,181,19549
0.16521498560905457,0.7241739602301536,0.7927602174657334,181,19599
0.05960916727781296,0.6444209920963349,0.7206815715921925,181,19649
0.19687114655971527,0.5921330991290336,0.6354970273136447,182,19699
0.0953088328242302,0.604137024973211,0.670281094890093,182,19749
0.04100422561168671,0.7708248477250143,0.8435708304721529,183,19799
0.1307307481765747,0.64864216114773,0.7122660203584529,183,19849
0.04821342974901199,0.6635720925357665,0.7197721872304916,184,19899
0.2751739025115967,0.6230259350413748,0.699491845289358,184,19949
0.04055660963058472,0.5757644498447251,0.6447447251115032,185,19999
0.2352529913187027,0.6282324759262551,0.6956342161608214,185,20049
0.1638977825641632,0.5873652597334058,0.6580692937427904,186,20099
0.2508881092071533,0.594664484521745,0.7049482303312243,186,20149
0.052766814827919006,0.599328730348932,0.6359954735763348,187,20199
0.15917418897151947,0.5479461741552423,0.5899915507099996,187,20249
0.17583592236042023,0.6241295499014138,0.6835224802074855,187,20299
0.06185813248157501,0.6679941652484437,0.7365046256019723,188,20349
0.21851061284542084,0.7431408594539146,0.8253282843191988,188,20399
0.23944109678268433,0.6289901456227088,0.6972302623707277,189,20449
0.04604559764266014,0.6428648919883676,0.7087655057588186,189,20499
0.1611315906047821,0.6886787346458545,0.7441642751413612,190,20549
0.06233060359954834,0.5958366542007415,0.6351335903305034,190,20599
0.05662323161959648,0.5828934483894649,0.6243082786517127,191,20649
0.20233391225337982,0.49175519512324767,0.5565764322474315,191,20699
0.06886649131774902,0.6917830057657437,0.7618973861131797,192,20749
0.007392582483589649,0.5506847483896243,0.6186332646635497,192,20799
0.006676338147372007,0.6134942272266513,0.6862427940547621,193,20849
0.09000933915376663,0.6698710619657785,0.7405328557269568,193,20899
0.06199166551232338,0.6232146656346337,0.7130681254934149,193,20949
0.15893372893333435,0.6949954240613267,0.7744035556599667,194,20999
0.15098464488983154,0.5956982745035748,0.6723517908910017,194,21049
0.17512419819831848,0.6217216879491246,0.7099257132262312,195,21099
0.19034190475940704,0.7051591857512136,0.7544370352525636,195,21149
0.024934645742177963,0.5233434191917304,0.5778474656981755,196,21199
0.16167204082012177,0.6162550466699926,0.6715475490963682,196,21249
0.18236283957958221,0.6399075966923746,0.7020759831948015,197,21299
0.2792283296585083,0.5019831734189982,0.5549712225350566,197,21349
0.10955978184938431,0.7327772889352003,0.8171420240577599,198,21399
0.1603575050830841,0.6605902268031207,0.7141057400944183,198,21449
0.14147444069385529,0.6488990291754507,0.7038045236214586,199,21499
0.1385965347290039,0.6710727154693702,0.7305319541796885,199,21549
0.06979469954967499,0.6189553793186858,0.6943782943857627,199,21599
0.0338079035282135,0.5478609766218606,0.6299469818389783,200,21649
0.12385086715221405,0.5417732014330287,0.578868326311306,200,21699
0.14996589720249176,0.6812922470723778,0.7572266792188983,201,21749
0.03128950297832489,0.580275074171,0.6617642974345003,201,21799
0.009719138965010643,0.7209178604328779,0.8293835640726507,202,21849
0.04435013234615326,0.6318529001011944,0.6942560407461374,202,21899
0.02633291855454445,0.6908886470910769,0.7644342046330418,203,21949
0.059847988188266754,0.7474564765736497,0.8401874681669221,203,21999
0.1483340710401535,0.617027571639151,0.6936771094220268,204,22049
0.18935857713222504,0.5905500131428202,0.6570162093489292,204,22099
0.035823747515678406,0.5556915977106744,0.6384657663283043,205,22149
0.14397679269313812,0.6257174737664751,0.6965521048534803,205,22199
0.04917741194367409,0.6488586828701569,0.7109866310776648,206,22249
0.03860088065266609,0.6465456401026307,0.7409509427874413,206,22299
0.022909143939614296,0.6651560635064184,0.731097437146389,206,22349
0.03916739299893379,0.6320904223805766,0.6850988206091112,207,22399
0.33428630232810974,0.7855822189994354,0.8569526249173962,207,22449
0.046951018273830414,0.6080733441807453,0.6621051568398947,208,22499
0.1314084827899933,0.6746375405469259,0.7278803601257279,208,22549
0.0383986197412014,0.7220789771385209,0.8080168537999477,209,22599
0.046600885689258575,0.6254195100883704,0.6872266093883008,209,22649
0.041706182062625885,0.4937985464634176,0.5370844055064522,210,22699
0.11786222457885742,0.59520322700105,0.6558967129571004,210,22749
0.013093935325741768,0.7181980221310151,0.7535567598532547,211,22799
0.12414105236530304,0.7316809330252539,0.8132029124395662,211,22849
0.022836964577436447,0.586672375820357,0.6331795093675079,212,22899
0.2914898991584778,0.540300382539733,0.6058703210748023,212,22949
0.15017317235469818,0.7166179792523982,0.7822147608648079,212,22999
0.33867141604423523,0.7002870980833645,0.789185329104867,213,23049
0.1241951733827591,0.7542030677161122,0.836990580060496,213,23099
0.057421863079071045,0.7511637438550168,0.8455292998804772,214,23149
0.13680371642112732,0.6250998386599559,0.6976517908616072,214,23199
0.008588140830397606,0.7093653082750945,0.7651229031878392,215,23249
0.12765316665172577,0.6347380038198241,0.7161282959803004,215,23299
0.14041879773139954,0.5785105055062125,0.6263488011966293,216,23349
0.04246610403060913,0.7091538121077338,0.7945205462175623,216,23399
0.28740087151527405,0.5293827334842882,0.6048713415101671,217,23449
0.07866238802671432,0.7387810238341892,0.773226441592394,217,23499
0.1834700107574463,0.7263843715339605,0.816466671820533,218,23549
0.225615993142128,0.7316144025845803,0.8108171594067402,218,23599
0.061488427221775055,0.7066735470144551,0.798612981942402,218,23649
0.1502039134502411,0.7360684788081547,0.826171262699526,219,23699
0.05231866613030434,0.6763646641943236,0.729824108053139,219,23749
0.02115786448121071,0.7421565034687327,0.8073214986376387,220,23799
0.007880095392465591,0.7711524770497666,0.8555492628405365,220,23849
0.019347889348864555,0.6227952936442464,0.6814509435320891,221,23899
0.45829692482948303,0.631910326169123,0.693687012857859,221,23949
0.09288618713617325,0.6145837173316215,0.6879601298415553,222,23999
0.21829773485660553,0.7418416242492366,0.8332591608732528,222,24049
0.22428934276103973,0.7576714330611037,0.847627417981745,223,24099
0.04962187260389328,0.6718445330993208,0.7220640502370512,223,24149
0.01449507288634777,0.5575351461637247,0.6194959720399597,224,24199
0.01821383275091648,0.6565679520999089,0.7287091199916611,224,24249
0.042621154338121414,0.5761105350158832,0.6255898182224894,224,24299
0.08177110552787781,0.636068731728755,0.6966908169177833,225,24349
0.03042467124760151,0.5488780661356671,0.6022686451541085,225,24399
0.010071145370602608,0.777321202569878,0.8706323309317296,226,24449
0.0211159810423851,0.7323924878243737,0.8124106147736582,226,24499
0.048593670129776,0.6810788497953324,0.7550547954771443,227,24549
0.020247962325811386,0.5272467813436144,0.5822264347077524,227,24599
0.15882162749767303,0.6415518260206676,0.6915046009508122,228,24649
0.2268560379743576,0.6676451868978528,0.7451414367296127,228,24699
0.00951089896261692,0.7383830140260063,0.8235396367336643,229,24749
0.22464008629322052,0.5996204515866272,0.6696365725945014,229,24799
0.03318919613957405,0.6424620101199656,0.7086669608719288,230,24849
0.23062089085578918,0.7548156334672514,0.8493558736101906,230,24899
0.04752681031823158,0.7656641504848198,0.8284238034122644,231,24949
0.015906011685729027,0.6928135352629218,0.7972642441607126,231,24999
0.05303150415420532,0.57545434199602,0.6340175743191657,231,25049
0.2331104427576065,0.6631460337953052,0.7353613501889719,232,25099
0.012545863166451454,0.5999272695086456,0.6359061094184522,232,25149
0.20895029604434967,0.7371140614046497,0.8243224467798841,233,25199
0.022878184914588928,0.6380231348119281,0.7181591596502618,233,25249
0.10616542398929596,0.7275516650068523,0.7972981672885083,234,25299
0.19235387444496155,0.782468686306525,0.8548601149371924,234,25349
0.12316451221704483,0.6336020528514653,0.6985490023435471,235,25399
0.1579677164554596,0.6197278819676598,0.6746223343245626,235,25449
0.2780493199825287,0.6608287860808854,0.7461195221674902,236,25499
0.13778306543827057,0.710248568281053,0.7951079580066442,236,25549
0.25818201899528503,0.4812272353894941,0.5432094956100761,237,25599
0.18593788146972656,0.634423605382892,0.7089128640607697,237,25649
0.13226665556430817,0.6814156734970852,0.7222036684346387,237,25699
0.14390064775943756,0.7500445568266584,0.8496123426428036,238,25749
0.007528815884143114,0.6838177968154311,0.7310226301684064,238,25799
0.03653746098279953,0.7988215283607765,0.880873891593281,239,25849
0.03691844269633293,0.6326799492243074,0.6966992422835693,239,25899
0.020921897143125534,0.6492188134881135,0.7210334194709459,240,25949
0.04907003790140152,0.6846763325329084,0.7664912718991257,240,25999
0.15416324138641357,0.6529771604876976,0.715525855968555,241,26049
0.04071381688117981,0.627734946922664,0.6883629405239147,241,26099
0.02145041897892952,0.7730495116430994,0.8427565399513798,242,26149
0.052058540284633636,0.6429240331383109,0.7147206520149358,242,26199
0.18658043444156647,0.5381715622301068,0.5872772824085982,243,26249
0.01323804073035717,0.7182821441900482,0.7873624979209555,243,26299
0.022183038294315338,0.6908019141011273,0.746422575444881,243,26349
0.04203690215945244,0.6399365646624473,0.7267491207335816,244,26399
0.046998031437397,0.5199468151313705,0.5660848876452292,244,26449
0.14321886003017426,0.7433649280937574,0.8238048172915864,245,26499
0.026150258257985115,0.7445401268707745,0.8167398890337477,245,26549
0.039632849395275116,0.5991581379950027,0.6486381087966834,246,26599
0.034000102430582047,0.7103886292974494,0.7739231178116918,246,26649
0.04645343869924545,0.6133921232667319,0.6682035753042471,247,26699
0.22169895470142365,0.5844913525515996,0.6372964416056787,247,26749
0.21453461050987244,0.6302267459746758,0.6819882505471202,248,26799
0.019450774416327477,0.7633717571158459,0.8452636290124371,248,26849
0.0413559153676033,0.7354300236132971,0.8164666691158089,249,26899
0.03661869093775749,0.7986042573756353,0.8785137825899438,249,26949
0.2194165140390396,0.5956020841228489,0.6598189182271095,249,26999
0.035443201661109924,0.662937514127827,0.7227877784110882,250,27049
0.021417738869786263,0.616959429895729,0.6866390533906813,250,27099
0.08850526809692383,0.6985297131951544,0.7586970787418998,251,27149
0.15943455696105957,0.7555126293759988,0.777155927637723,251,27199
0.042137060314416885,0.6133861131332524,0.6692107816887106,252,27249
0.042566265910863876,0.5979816837103796,0.6834901191227567,252,27299
0.009405449032783508,0.7511431608156092,0.8220284892686873,253,27349
0.22271044552326202,0.6087942861288153,0.692109327113292,253,27399
0.1262177973985672,0.61066616797271,0.6748909009664701,254,27449
0.2595690190792084,0.7497757502782828,0.8469966761963876,254,27499
0.0071077547036111355,0.6034798777281282,0.6571870242469657,255,27549
0.004995331633836031,0.6258570999512126,0.6887550755611266,255,27599
0.22848349809646606,0.5314944677445577,0.5808016139599353,256,27649
0.005057385191321373,0.7474114486407076,0.8113206176334605,256,27699
0.043611980974674225,0.6555162646827697,0.7193259778569351,256,27749
0.11890455335378647,0.7519862682186934,0.8422682823807266,257,27799
0.02232806198298931,0.6769101524333968,0.7481467459369467,257,27849
0.013802898116409779,0.6826225558597644,0.7276261353625104,258,27899
0.18524253368377686,0.6515623542003127,0.7165202546345851,258,27949
0.18218152225017548,0.6824654544913648,0.7481420685962672,259,27999
0.21402820944786072,0.7691302239527303,0.874569133816878,259,28049
0.04440336301922798,0.5919794743448,0.6560110768735578,260,28099
0.01998770236968994,0.5964435536024207,0.6641669518746686,260,28149
0.19577950239181519,0.6389555894977811,0.694186105158192,261,28199
0.004140133503824472,0.6344259170838894,0.7074153788092953,261,28249
0.03165113180875778,0.5992143325788033,0.6305133629585794,262,28299
0.15188314020633698,0.5579819651426654,0.6119422309737734,262,28349
0.01345781795680523,0.7266040056204505,0.7756965232969226,262,28399
0.08367249369621277,0.6539707561097335,0.730936108289473,263,28449
0.021524013951420784,0.7405850775815939,0.8285847127836268,263,28499
0.009859643876552582,0.5121997673239284,0.5681260826774194,264,28549
0.3528951406478882,0.6754174636591278,0.7368688712613147,264,28599
0.05840025842189789,0.6707219071940925,0.7196797089997102,265,28649
0.006766613572835922,0.6987031316494813,0.7721062421896498,265,28699
0.05860676243901253,0.5900752198777285,0.6443528628935008,266,28749
0.19870828092098236,0.5967629593735816,0.6745041784550639,266,28799
0.3607461452484131,0.6031976255638873,0.6478242969441216,267,28849
0.1630343496799469,0.6815463570205108,0.7435242095673034,267,28899
0.10382155328989029,0.6586511486788938,0.722262791632595,268,28949
0.18192055821418762,0.7635334252618955,0.8607432026112389,268,28999
0.0053934501484036446,0.6611741480183952,0.7059922926769454,268,29049
0.21251024305820465,0.6446075635812708,0.7294592204910345,269,29099
0.052037544548511505,0.8846438131468737,0.9357133750631386,269,29149
0.16935886442661285,0.586514125644243,0.6520432970740624,270,29199
0.04131655767560005,0.593397966781459,0.6444745778198285,270,29249
0.06527677178382874,0.6636630082413585,0.736852157532657,271,29299
0.01462720800191164,0.6662199175331907,0.7372739068972499,271,29349
0.09810858964920044,0.7617120597478826,0.8283699813219203,272,29399
0.18574364483356476,0.6418701078102406,0.7042852476928859,272,29449
0.11761531233787537,0.6755959213163275,0.7380709273787786,273,29499
0.03089466132223606,0.5973133411128466,0.6482158924141164,273,29549
0.12255816906690598,0.7883778356926485,0.8614300880312626,274,29599
0.04713929072022438,0.6908431840230616,0.7575797535480977,274,29649
0.0076011656783521175,0.7251233398333546,0.8126080154103182,274,29699
0.0305220615118742,0.7554505262657943,0.8360513686886867,275,29749
0.12918850779533386,0.7385390983078839,0.827941193918174,275,29799
0.031029239296913147,0.6548913947449538,0.7153106037370337,276,29849
0.012761875987052917,0.7614531508654724,0.8560293170983044,276,29899
0.040081460028886795,0.6679536494281786,0.7263925365311765,277,29949
0.0196039080619812,0.6665447830044771,0.7263937048749258,277,29999
0.03496235981583595,0.6965325884311344,0.754080677871069,278,30049
0.18708668649196625,0.6936419897049874,0.7642521310523737,278,30099
0.054682593792676926,0.7363198586872178,0.8097486984794594,279,30149
0.017269710078835487,0.6537403027115712,0.7138174791733239,279,30199
0.08180281519889832,0.6653316929996249,0.7300223361730165,280,30249
0.09726391732692719,0.7117082200433567,0.7742070601621291,280,30299
0.025623807683587074,0.568741023007948,0.6460962925097125,281,30349
0.02654559537768364,0.6160431951447907,0.6543667823790015,281,30399
0.12717397511005402,0.7780270930417703,0.8649430970606851,281,30449
0.20012114942073822,0.6685511585004239,0.7284345162847679,282,30499
0.17900845408439636,0.782752870504901,0.8499277159956091,282,30549
0.03520912677049637,0.5990505835427167,0.655775522933652,283,30599
0.036522503942251205,0.6787457714267325,0.7377413590794226,283,30649
0.18873511254787445,0.6450110146534794,0.7060422935530081,284,30699
0.12903393805027008,0.5592767275029381,0.6223446270545547,284,30749
0.005220610182732344,0.6147435300362749,0.6841193093890513,285,30799
0.18629181385040283,0.6651386169135381,0.7369744634125031,285,30849
0.30714112520217896,0.643779750575915,0.7046853838320155,286,30899
0.17369328439235687,0.6888755640194574,0.7621480411166378,286,30949
0.13227644562721252,0.6063683526974661,0.6768353958571229,287,30999
0.09621725976467133,0.6019491595965418,0.6540558246280868,287,31049
0.05740369111299515,0.7305835740971858,0.8060881979595373,287,31099
0.19402071833610535,0.7715990966397744,0.8596057389455938,288,31149
0.24774128198623657,0.5533695649116023,0.6117957977799966,288,31199
0.2775489091873169,0.7125138424818107,0.7890251623671409,289,31249
0.09792809188365936,0.7762016816349072,0.8655723178113343,289,31299
0.017608923837542534,0.7143750303667736,0.7673093235151726,290,31349
0.24621540307998657,0.7160325493923194,0.7818338401643385,290,31399
0.02698756381869316,0.6737251090756201,0.7371582635240765,291,31449
0.03462798893451691,0.6959030554364911,0.7578072262294403,291,31499
0.0034229238517582417,0.558419177793802,0.6176049450896204,292,31549
0.1143355742096901,0.5947898990957305,0.6430752127441426,292,31599
0.17649224400520325,0.6645826642285048,0.7187259601392796,293,31649
0.10677643865346909,0.6777803872546229,0.7329763851018644,293,31699
0.07683784514665604,0.6431035339502572,0.692333816608962,293,31749
0.0041095055639743805,0.6978637458269016,0.7773469201429094,294,31799
0.021171342581510544,0.7530975529874766,0.8279992373719468,294,31849
0.21078388392925262,0.6509485932948736,0.7320543638970713,295,31899
0.06226324290037155,0.6637855522349574,0.747196625731453,295,31949
0.04698439687490463,0.6803107030593251,0.7526323864658313,296,31999
0.13853079080581665,0.7794635411904586,0.8668765361667886,296,32049
0.04228098317980766,0.6789774724368802,0.7691961362281935,297,32099
0.12341851741075516,0.6793961320577916,0.7477670807648206,297,32149
0.2117621898651123,0.6817363025616374,0.7429225696165536,298,32199
0.018266715109348297,0.8188958673960481,0.8841761056257335,298,32249
0.021107390522956848,0.6339544708503296,0.6951630546280061,299,32299
0.012608474120497704,0.7400004163565714,0.837958624742823,299,32349
0.008359136991202831,0.5638326899771161,0.6100586730583731,299,32399
0.044703759253025055,0.6577889849071166,0.7213466877962075,300,32449
0.04112182557582855,0.6640885531699489,0.7292977886599584,300,32499
0.02774726413190365,0.6115201545984953,0.6748288919985176,301,32549
0.17823097109794617,0.6443949640050544,0.7182514768731261,301,32599
0.012670740485191345,0.8278731577654934,0.9125884388198617,302,32649
0.009166882373392582,0.6397542367117462,0.707084621309758,302,32699
0.04028668254613876,0.6645532416233273,0.7432975259059946,303,32749
0.12840326130390167,0.7540136069540484,0.8168529901060267,303,32799
0.15806344151496887,0.7813534919524676,0.8635309810607987,304,32849
0.020262503996491432,0.7514945592087034,0.852489911241893,304,32899
0.11433108896017075,0.6559164002810786,0.7142087485152204,305,32949
0.03339194506406784,0.6088867710368788,0.6687428544236107,305,32999
0.052026811987161636,0.8222332905553312,0.8982304522368582,306,33049
0.028210951015353203,0.7148538229310656,0.7864099045681442,306,33099
0.21108616888523102,0.7214898966062012,0.8268179017784167,306,33149
0.008713304996490479,0.7483331109159114,0.8229655496019852,307,33199
0.0280567929148674,0.6468702377858341,0.7390084310135572,307,33249
0.0936068445444107,0.7576955646544649,0.831521090689253,308,33299
0.11846252530813217,0.789038068994252,0.8728548091688025,308,33349
0.03250016272068024,0.6378470031420195,0.6918682343416646,309,33399
0.09727442264556885,0.7681248973207123,0.8259507312328053,309,33449
0.29828941822052,0.7358336044161299,0.7969519301456889,310,33499
0.147469162940979,0.6464841050282306,0.7336754299982735,310,33549
0.09314079582691193,0.5832476339619748,0.6507945269888128,311,33599
0.243113711476326,0.7148205745666715,0.7675981696489549,311,33649
0.009533850476145744,0.7205071876577926,0.8006184635398075,312,33699
0.07991854101419449,0.6308006929106262,0.6971631805047093,312,33749
0.1286071389913559,0.5645338246320503,0.6291384170563864,312,33799
0.018397897481918335,0.669034819476822,0.7360176873015213,313,33849
0.22716359794139862,0.7041874401959183,0.7750788190527658,313,33899
0.23812523484230042,0.5853425597275638,0.6303184678047051,314,33949
0.003959611523896456,0.6407695189925463,0.7051076218154168,314,33999
0.07544790208339691,0.6567745159008384,0.7262506772949913,315,34049
0.048362381756305695,0.7871281344944866,0.8754245122971792,315,34099
0.2401551753282547,0.6363211777827423,0.7088135993162474,316,34149
0.1216699630022049,0.6802082715480289,0.7432248889387975,316,34199
0.006002525333315134,0.5760715186623576,0.6345033632184457,317,34249
0.03061787784099579,0.7705817282093402,0.8613603009224291,317,34299
0.13068467378616333,0.6645048632543354,0.7367948989877608,318,34349
0.01111595518887043,0.6316864286457241,0.6773090402586127,318,34399
0.004247432108968496,0.8369370981551754,0.9090095288663743,318,34449
0.20782345533370972,0.7677888296700011,0.8427672089600592,319,34499
0.04767562448978424,0.6538515871706033,0.7127639350095034,319,34549
0.04988880455493927,0.6675822262256981,0.77067217285585,320,34599
0.11691845953464508,0.7742052601393058,0.8591724887760953,320,34649
0.08095454424619675,0.802549060666275,0.8646833628468027,321,34699
0.038473982363939285,0.5625594449876246,0.628542998995387,321,34749
0.036567311733961105,0.736306346681469,0.8403763993081302,322,34799
0.005977297201752663,0.6973824364885977,0.7489894647389432,322,34849
0.3432419002056122,0.561257366945317,0.6176702692810876,323,34899
0.1129220724105835,0.668774131253417,0.7354639607898037,323,34949
0.3218841552734375,0.6311007120649126,0.7033736984114158,324,34999
0.11188609898090363,0.7097851121632021,0.815409455140937,324,35049
0.06575626134872437,0.602133246679612,0.6371938880285545,324,35099
0.022189943119883537,0.6639418507138664,0.7297204014622176,325,35149
0.07591045647859573,0.7619640898141293,0.8423673274624438,325,35199
0.03367367014288902,0.7823519091231943,0.8713712944519918,326,35249
0.1572655737400055,0.7010567207380041,0.7772542977583025,326,35299
0.034123361110687256,0.7208640878663518,0.8012330625476495,327,35349
0.04409382492303848,0.569330912976261,0.6237236792542242,327,35399
0.020589811727404594,0.7378277350371188,0.8054632059893052,328,35449
0.3002043664455414,0.7459142529281806,0.8330438925572184,328,35499
0.023223206400871277,0.6603491233193306,0.7156270679226351,329,35549
0.02484041079878807,0.6505525805121707,0.6941611679215405,329,35599
0.008871401660144329,0.8360369941374228,0.902645333645121,330,35649
0.19497723877429962,0.7006976238820826,0.745980716557469,330,35699
0.0627598911523819,0.7975434376485909,0.861751979343694,331,35749
0.11720023304224014,0.7394231960172516,0.8044050486670301,331,35799
0.011244992725551128,0.7718541451872869,0.8208083176276219,331,35849
0.06502310931682587,0.7480842656275654,0.8330858380611651,332,35899
0.23733828961849213,0.6262192744770679,0.6912151626039681,332,35949
0.028417306020855904,0.6916507876319102,0.752412380681316,333,35999
0.1676868200302124,0.5673823928214229,0.6225792464146991,333,36049
0.14628058671951294,0.6284644285711137,0.6949170555074118,334,36099
0.31019848585128784,0.6304661400281294,0.6799809469682264,334,36149
0.014533620327711105,0.5646022997567653,0.6203435816539676,335,36199
0.006461063399910927,0.6711258358972904,0.737354016166902,335,36249
0.013117765076458454,0.6513830740103705,0.711810777307438,336,36299
0.04657811298966408,0.8358408247553067,0.8898744653980324,336,36349
0.09276039153337479,0.6141691741002809,0.714286969552961,337,36399
0.01678089052438736,0.7770194713456536,0.8640376197620551,337,36449
0.02488287165760994,0.7965068900416883,0.8654337964470041,337,36499
0.1358467936515808,0.6302395433727399,0.7009452586648303,338,36549
0.0030327641870826483,0.6657367666267147,0.7180016932279433,338,36599
0.09708169847726822,0.7600023634596635,0.8709618757398838,339,36649
0.016577735543251038,0.5558868419040776,0.6123772431327904,339,36699
0.12763436138629913,0.6108303947945508,0.6623689511187542,340,36749
0.021567480638623238,0.7067024701015244,0.7831627240209896,340,36799
0.017139552161097527,0.6193813895938247,0.6695095552034862,341,36849
0.008919596672058105,0.7491306241617475,0.811055566457906,341,36899
0.03477848321199417,0.7828668610486252,0.8557269537520423,342,36949
0.11492737382650375,0.6320135825492469,0.7029888663036366,342,36999
0.11400574445724487,0.6864886913426714,0.7576973836946669,343,37049
0.03649478778243065,0.7187470148212272,0.7952934069475079,343,37099
0.2842387557029724,0.7933607923311392,0.8666233086580176,343,37149
0.016256053000688553,0.747451167531004,0.84696712182746,344,37199
0.10079290717840195,0.6150895581571255,0.6653357644308882,344,37249
0.10085069388151169,0.6869129240165225,0.7511517225134423,345,37299
0.013407902792096138,0.6294689659864007,0.7092059851172232,345,37349
0.21574123203754425,0.6980603473433084,0.745165709146732,346,37399
0.018843648955225945,0.6289246160243991,0.6989683936801552,346,37449
0.003237666329368949,0.5523957165298704,0.5974657751659255,347,37499
0.025079550221562386,0.6630509457192055,0.7371347187050831,347,37549
0.09318235516548157,0.7085427447028536,0.77385916842328,348,37599
0.2944742739200592,0.6907864695015962,0.7549647717968303,348,37649
0.010117366909980774,0.7075211866475636,0.7811092522911439,349,37699
0.0063399882055819035,0.7512982094430725,0.8428052621436555,349,37749
0.02456812933087349,0.7165232454840809,0.7647079234370588,349,37799
0.0032374225556850433,0.7310956341492789,0.8225782041235226,350,37849
0.13449037075042725,0.8027970850052134,0.8620231509955983,350,37899
0.038146160542964935,0.655195942713075,0.7117644799887378,351,37949
0.11748526990413666,0.6383685659792158,0.6852451642011873,351,37999
0.0032404023222625256,0.7126289346953977,0.8078564070048216,352,38049
0.04179781302809715,0.761570113861147,0.8337825900361712,352,38099
0.12826840579509735,0.7347125522367675,0.82230844534712,353,38149
0.3004004657268524,0.7221539949128697,0.7995840377330535,353,38199
0.2530079782009125,0.6730179131950758,0.7499359399426974,354,38249
0.007960738614201546,0.5918994725189177,0.6432884988295015,354,38299
0.016109030693769455,0.7347595248274795,0.7997281907746566,355,38349
0.004817712586373091,0.7126325049083687,0.7883332855105659,355,38399
0.15227526426315308,0.6592149891748688,0.7291938703925416,356,38449
0.008804266341030598,0.5921181509130059,0.6331974705518643,356,38499
0.02893519215285778,0.6557220769135371,0.7352396893014072,356,38549
0.20364996790885925,0.6336585204116518,0.7136127782444356,357,38599
0.13947255909442902,0.7787311955682088,0.850293999094379,357,38649
0.13954691588878632,0.7592848382974443,0.8484849916033428,358,38699
0.013022994622588158,0.7434090529003962,0.8068939044620729,358,38749
0.033469680696725845,0.7952678074082573,0.8737634242035945,359,38799
0.17004413902759552,0.6600665406040411,0.7252033560797285,359,38849
0.1334475874900818,0.7542793005451971,0.7993567842264696,360,38899
0.03193250671029091,0.7446550127253987,0.8179602799480686,360,38949
0.3318774104118347,0.672737396430362,0.7371625907768526,361,38999
0.02796907350420952,0.7339419665120922,0.838984405368226,361,39049
0.030918005853891373,0.7071931071069449,0.7657901792816058,362,39099
0.08589291572570801,0.7660401582269509,0.8482352943185624,362,39149
0.15258993208408356,0.6677945544363142,0.7346471596334325,362,39199
0.11019867658615112,0.7258753028654967,0.801031255097281,363,39249
0.002837336389347911,0.6249520326878029,0.7063755454632524,363,39299
0.1885969042778015,0.7545262154811281,0.8606443694341046,364,39349
0.045165497809648514,0.7854120334441811,0.8517513139697943,364,39399
0.13519449532032013,0.6105589830511046,0.6614151423962756,365,39449
0.23151428997516632,0.5674757580625741,0.619014899051093,365,39499
0.015818318352103233,0.6906088104769192,0.753304667092305,366,39549
0.026704469695687294,0.7004237870342268,0.7794284132144976,366,39599
0.11613605171442032,0.8045360816753819,0.8363416895981297,367,39649
0.1349273920059204,0.718820706604688,0.7930904311027946,367,39699
0.01984957419335842,0.7575445481835438,0.7816118771865558,368,39749
0.11703717708587646,0.7607591605528577,0.8363882368223752,368,39799
0.2014438509941101,0.7348972573820882,0.8229413831959077,368,39849
0.0065046814270317554,0.6461240051702449,0.7060653751176433,369,39899
0.01385692972689867,0.7790029977911873,0.8801802724016421,369,39949
0.02727383002638817,0.5778913151384105,0.6296804283957966,370,39999
0.05707939714193344,0.76593943128404,0.8453375961589283,370,40049
0.010981053113937378,0.742153991915679,0.7958753970482951,371,40099
0.12321245670318604,0.7205428021116005,0.7629313505805111,371,40149
0.1951787918806076,0.560140458424503,0.6042838077848476,372,40199
0.18942667543888092,0.6667318842441768,0.7367700607213402,372,40249
0.029543237760663033,0.6605402252206662,0.7273933228540239,373,40299
0.044793497771024704,0.8569657855619769,0.9221926503883559,373,40349
0.10585936158895493,0.7517038609057466,0.8142138516985398,374,40399
0.07186213880777359,0.7518923027804253,0.8496513694044372,374,40449
0.09507999569177628,0.7415067131428046,0.7985706053504028,374,40499
0.03537618741393089,0.791799586933763,0.865253364434321,375,40549
0.033836480230093,0.7680039570393781,0.8528090612613372,375,40599
0.20409312844276428,0.6520195957445069,0.7211588053948392,376,40649
0.026820912957191467,0.6841505876534981,0.7429811476917915,376,40699
0.1345420628786087,0.6211157932067385,0.6551408500450654,377,40749
0.2794630825519562,0.6383712105056124,0.7007059552511864,377,40799
0.02446863055229187,0.6345478122417668,0.7046565054765741,378,40849
0.09168708324432373,0.700569219630169,0.7674718133376974,378,40899
0.16559243202209473,0.7887196375482591,0.8688723887304418,379,40949
0.11060517281293869,0.7014396281447114,0.7980365622998985,379,40999
0.1490754336118698,0.7739503686219581,0.8384878871642147,380,41049
0.034232333302497864,0.7518764679194461,0.8217324707455109,380,41099
0.1393435150384903,0.8029659672772054,0.885516062429558,381,41149
0.057586316019296646,0.8251678563874212,0.8790145890961133,381,41199
0.008465013466775417,0.6466209175402183,0.7110915930034517,381,41249
0.15999098122119904,0.7652733279509966,0.8513421972534179,382,41299
0.048865195363759995,0.7224284435164099,0.8279623351349444,382,41349
0.1385888010263443,0.6414344080701487,0.7395828173018637,383,41399
0.0482301190495491,0.6860819539627702,0.7704202650573466,383,41449
0.04763178899884224,0.6522072555196827,0.7269538440768036,384,41499
0.18630684912204742,0.5830811629773583,0.6199100350002691,384,41549
0.01925572007894516,0.6208137376406592,0.6711971948543682,385,41599
0.05699378624558449,0.7837189783894924,0.8656850539501051,385,41649
0.008925979025661945,0.7562048279709761,0.8447396273806255,386,41699
0.003867895109578967,0.7756851956506402,0.8428940748809389,386,41749
0.017090898007154465,0.6495535939163376,0.6970203388399555,387,41799
0.03287509083747864,0.7698805266885331,0.8596984510316791,387,41849
0.0949932262301445,0.7446576980194198,0.829283471391836,387,41899
0.05638941377401352,0.8447529086305053,0.8986206216874858,388,41949
0.03168799728155136,0.7754852840145879,0.8651103938211037,388,41999
0.04342877119779587,0.5497075484099188,0.5970881835989866,389,42049
0.1681317836046219,0.6682663249189383,0.7412334162484276,389,42099
0.02668444812297821,0.7325108265232279,0.8072754022151113,390,42149
0.1273403912782669,0.6638655671782344,0.7396585113000668,390,42199
0.09939482063055038,0.7171814967090105,0.7693501487569266,391,42249
0.029433757066726685,0.685537235579021,0.7469098243988279,391,42299
0.08113230019807816,0.7916582834787045,0.873830997644335,392,42349
0.11028149724006653,0.7082646501677834,0.7754261475068412,392,42399
0.16818496584892273,0.637108985321891,0.7294673546937077,393,42449
0.10578501224517822,0.7479786243903449,0.8270145017483556,393,42499
0.01867576129734516,0.7411372103761313,0.8179913048639803,393,42549
0.012724732048809528,0.8316026849424333,0.8949549334836234,394,42599
0.062101032584905624,0.7693639583962992,0.8781088867606189,394,42649
0.07004537433385849,0.7184432644947344,0.7703549379570501,395,42699
0.025242043659090996,0.7462044244273586,0.8380084548880965,395,42749
0.029221193864941597,0.49314307397818874,0.5425280173943575,396,42799
0.09161249548196793,0.782154569982767,0.8554692773845808,396,42849
0.27279379963874817,0.7738765363823242,0.8456154191174584,397,42899
0.026848038658499718,0.6775557317642297,0.7456996686980234,397,42949
0.1561337411403656,0.6558274696281234,0.7320506051897153,398,42999
0.11240106076002121,0.693614876486703,0.7737901766005754,398,43049
0.17881102859973907,0.770448086082261,0.8482020596481757,399,43099
0.1102340817451477,0.8161971592403487,0.889030499544832,399,43149
0.09140622615814209,0.5974734585742485,0.6429944640272203,399,43199
0.10925465077161789,0.6724795095189836,0.7450254276578294,400,43249
0.016089096665382385,0.5971467759774057,0.6475950554321598,400,43299
0.02381065860390663,0.823712042962559,0.8842728057960381,401,43349
0.0034189908765256405,0.770161066127498,0.833395023591143,401,43399
0.006079521030187607,0.7298096648449864,0.7877108922307946,402,43449
0.006511727347970009,0.6624262884742532,0.7577824810000955,402,43499
0.272888720035553,0.7429412397396673,0.8299046305648956,403,43549
0.021812569350004196,0.7951014712577259,0.869362542210066,403,43599
0.03472907096147537,0.6466244843707888,0.7011672832396595,404,43649
0.004391114227473736,0.6820918226213891,0.74051498760613,404,43699
0.21115902066230774,0.773149607343299,0.8511264736568135,405,43749
0.1127382218837738,0.6266206400372943,0.6910394481529195,405,43799
0.01756948232650757,0.7488383250068779,0.8270904082676873,406,43849
0.30375608801841736,0.6637022948412346,0.7262176915802747,406,43899
0.010119082406163216,0.7027699366535934,0.7841385270321816,406,43949
0.05148182436823845,0.7590520013184657,0.853284736792799,407,43999
0.11559982597827911,0.771800769621476,0.8517366591025165,407,44049
0.05467407405376434,0.7955790787353098,0.8827880286909747,408,44099
0.03471928834915161,0.6371042073854843,0.6985367843310337,408,44149
0.02502402290701866,0.7616707451181979,0.8573674443878915,409,44199
0.028460169211030006,0.6582119256798376,0.742165514599283,409,44249
0.016830328851938248,0.7562120068408985,0.8210913162929997,410,44299
0.004769749939441681,0.6667980878125176,0.7376644471798127,410,44349
0.023538438603281975,0.6530891510514011,0.7277217379142797,411,44399
0.04243338853120804,0.6632268724232778,0.7178735367859366,411,44449
0.01971425861120224,0.6962898604223628,0.7362821718957342,412,44499
0.07913485914468765,0.6970104905034488,0.7628030439776826,412,44549
0.05037825554609299,0.7734299436363499,0.842264365555854,412,44599
0.12015429884195328,0.6545278389311756,0.7106336503801799,413,44649
0.3033674359321594,0.6699317490726874,0.7496888458726905,413,44699
0.028236333280801773,0.6265684368241852,0.6876420280409631,414,44749
0.03345126286149025,0.7977691718316408,0.8842738199378954,414,44799
0.1166495680809021,0.6793124872629684,0.7398580471385664,415,44849
0.11636703461408615,0.6818946753800328,0.7432553171051002,415,44899
0.0329538956284523,0.6531771407298029,0.7209592164901297,416,44949
0.01118447631597519,0.748311142996714,0.8094995183352989,416,44999
0.006709282752126455,0.7022114620810082,0.7651770139349435,417,45049
0.02333076298236847,0.6759027548662353,0.7440980134121145,417,45099
0.024063486605882645,0.7083016774915422,0.7523909455173259,418,45149
0.007012861780822277,0.6013029465085193,0.6516183411001742,418,45199
0.02780633233487606,0.6881784086270845,0.7187229920540119,418,45249
0.0550069585442543,0.7910079520230537,0.8734729921272534,419,45299
0.05147775635123253,0.6014000957466321,0.6499418313575054,419,45349
0.11128371208906174,0.6874942577447127,0.7546493909488445,420,45399
0.042693644762039185,0.600165682483312,0.6663267336459023,420,45449
0.057137537747621536,0.8128879508094142,0.8811265834017954,421,45499
0.04589228704571724,0.6620406116279735,0.7284105618992817,421,45549
0.13152740895748138,0.8433280478586533,0.9001069591143803,422,45599
0.2626156806945801,0.7567304538838834,0.8347687355380441,422,45649
0.029837369918823242,0.7636592442952981,0.8453476587038268,423,45699
0.015940068289637566,0.7687750116534394,0.8531471698297359,423,45749
0.06563914567232132,0.6888419407123677,0.7394302883826095,424,45799
0.10621263086795807,0.5832500398810098,0.6428256717512632,424,45849
0.15279607474803925,0.6770323162697786,0.7530777225041728,424,45899
0.016745617613196373,0.6892984013051767,0.7351181518883657,425,45949
0.2899853587150574,0.7277336279566071,0.7974026431588588,425,45999
0.12664246559143066,0.729405618585566,0.8090757500035215,426,46049
0.1174401268362999,0.8726987347570901,0.937645013120672,426,46099
0.15992935001850128,0.6857442084577292,0.7584069582856455,427,46149
0.015111575834453106,0.6573380006601822,0.7190344777930463,427,46199
0.18482676148414612,0.7502110519378687,0.8251946846992658,428,46249
0.029758740216493607,0.6626423372058338,0.7314657129673854,428,46299
0.030324527993798256,0.6906913874147192,0.7693314046237045,429,46349
0.0028160882648080587,0.648831650249188,0.7056122840031502,429,46399
0.009686991572380066,0.7065799557473238,0.7637792215249763,430,46449
0.059516388922929764,0.7717905519600654,0.8534779228375742,430,46499
0.024185774847865105,0.6482721140380356,0.7109297717355813,431,46549
0.1068742498755455,0.6869328825529833,0.7527244429389416,431,46599
0.05495687574148178,0.7239030646241945,0.8156138586978999,431,46649
0.1626300811767578,0.674795636703859,0.7817729628363358,432,46699
0.003829898778349161,0.7973126274362192,0.8952936254821785,432,46749
0.10988117754459381,0.7439700347058874,0.8166995041122529,433,46799
0.10411267727613449,0.6721162531710537,0.7499666054394282,433,46849
0.07911640405654907,0.634669743048056,0.678190158237982,434,46899
0.029421156272292137,0.6591864084919176,0.7260729347145087,434,46949
0.18510575592517853,0.7330543826892685,0.8371765367282206,435,46999
0.08894798159599304,0.7155873219218654,0.7775640617132514,435,47049
0.09282982349395752,0.733444841610058,0.8034480634882952,436,47099
0.08993862569332123,0.7938012871164555,0.8774184970704625,436,47149
0.027727138251066208,0.7173155519645535,0.8202861403543878,437,47199
0.025682056322693825,0.7572190987974808,0.8288143301609736,437,47249
0.006984610576182604,0.7853165660356005,0.8559635965050604,437,47299
0.3670843839645386,0.7661428983773918,0.8456060096000878,438,47349
0.10086234658956528,0.7161205383724801,0.7908711246944882,438,47399
0.20490510761737823,0.6169360336715213,0.7253194881133206,439,47449
0.05520499125123024,0.6746329141960395,0.7183049498821523,439,47499
0.012288670055568218,0.6323609582872207,0.6701451917364262,440,47549
0.00820670835673809,0.7185898744010762,0.7865096858980595,440,47599
0.013243713416159153,0.6019934270255334,0.6274783325083465,441,47649
0.03704103082418442,0.8168004545766417,0.892912888363448,441,47699
0.19294185936450958,0.7274988656576806,0.7891675974231946,442,47749
0.16167916357517242,0.7747635030899499,0.8557591616184155,442,47799
0.111162468791008,0.7054586523596317,0.7907581617534936,443,47849
0.0023262908216565847,0.743336538072173,0.8251815306220018,443,47899
0.02790660969913006,0.6200914776339358,0.6649236991200073,443,47949
0.017160046845674515,0.5678196236618012,0.6171122107460641,444,47999
0.01685420610010624,0.7265535423076885,0.8228024999846525,444,48049
0.010406378656625748,0.6396455674869169,0.6944547174074585,445,48099
0.23619885742664337,0.6576145900489403,0.7299898447292396,445,48149
0.12530586123466492,0.7870970983718429,0.8607303705821344,446,48199
0.16877266764640808,0.6625472679824369,0.7308383822379583,446,48249
0.01086750254034996,0.7466361408334397,0.8237593940062938,447,48299
0.00998411700129509,0.6868540443467298,0.7489942720679826,447,48349
0.03698084503412247,0.8430475113320025,0.904819608619883,448,48399
0.002223788993433118,0.6602165222782359,0.7171612766359985,448,48449
0.09669259190559387,0.6127114751469919,0.6778521653356565,449,48499
0.05350362882018089,0.7945492788148604,0.857475297114614,449,48549
0.10554936528205872,0.7126522008107652,0.7780704001241112,449,48599
0.12780852615833282,0.7021374558408253,0.7568603154744507,450,48649
0.10507816076278687,0.6095819507282071,0.6738598038156349,450,48699
0.26441144943237305,0.7475136511660372,0.8106712137555128,451,48749
0.07178746163845062,0.7446827429934295,0.7884777578877863,451,48799
0.07270791381597519,0.7370427062744708,0.7700445571631497,452,48849
0.061845313757658005,0.6554871389263569,0.7109698545453064,452,48899
0.10381274670362473,0.8114791255583467,0.8728989687665011,453,48949
0.10466966032981873,0.7350495112132615,0.7863392672567161,453,48999
0.09570019692182541,0.7900259035428053,0.8810684458997743,454,49049
0.005448877811431885,0.5980947652577357,0.644197183992948,454,49099
0.13106659054756165,0.6746259570742793,0.7437576646833396,455,49149
0.06153874844312668,0.6910941332001059,0.7385944033254246,455,49199
0.09948050230741501,0.6021821219383681,0.6641938835197737,456,49249
0.024225657805800438,0.7083855873326342,0.7627595536875885,456,49299
0.05456404760479927,0.6880794397416717,0.7555508838702427,456,49349
0.034017372876405716,0.7633461690278853,0.8432914041655799,457,49399
0.10389570146799088,0.762357799492829,0.845573963415139,457,49449
0.050654876977205276,0.6537005942416292,0.7383994520945676,458,49499
0.0030662978533655405,0.7410644364883087,0.8459444948970393,458,49549
0.056779589504003525,0.7742558416287456,0.8455314274729494,459,49599
0.029122691601514816,0.5625067512069167,0.6068685933676158,459,49649
0.1282494217157364,0.7999823056476111,0.8679383872820533,460,49699
0.03392496705055237,0.6092059374375262,0.6862952006435774,460,49749
0.004277810920029879,0.8169709259170773,0.894068483381938,461,49799
0.04563954100012779,0.6607513306007279,0.7590801372953937,461,49849
0.03829600661993027,0.7008872766009647,0.7639780590026212,462,49899
0.0634683147072792,0.6515043820519199,0.7167807791881285,462,49949
0.007804923690855503,0.7655130208437867,0.8631663444760515,462,49999
0.07198885083198547,0.6637138061919224,0.7224107690136518,463,50049
0.16030548512935638,0.6481630652163207,0.7223114999647194,463,50099
0.02930559404194355,0.8516970049377693,0.9366707276958671,464,50149
0.02980237454175949,0.8177736031747717,0.8819106287845312,464,50199
0.03300163149833679,0.7853397930319982,0.8810963799466189,465,50249
0.10827270895242691,0.7771117752856415,0.8590282749649534,465,50299
0.03249182552099228,0.678628657375154,0.7445654279241491,466,50349
0.016016026958823204,0.8113218713475724,0.890928143331475,466,50399
0.24063041806221008,0.7588676892193931,0.8117262014903538,467,50449
0.08399435877799988,0.8069560086710699,0.8774306761963736,467,50499
0.09585326910018921,0.6868062528856489,0.7611925625441469,468,50549
0.09062746167182922,0.7816081945747162,0.8588310993289762,468,50599
0.07901348918676376,0.7165592330795889,0.7857250378161924,468,50649
0.03467719256877899,0.7613365134015265,0.8322583409981295,469,50699
0.014247276820242405,0.790238725933404,0.8678579391913445,469,50749
0.002724193502217531,0.5737226058273902,0.631067798320594,470,50799
0.014655769802629948,0.8114460053011295,0.9069812012346168,470,50849
0.013503492809832096,0.6463615146984986,0.7056344835923122,471,50899
0.10199951380491257,0.7611292354411567,0.9037647233448203,471,50949
0.05309760943055153,0.6681036029925878,0.726254070575416,472,50999
0.02349955029785633,0.864945770949026,0.9042508769505276,472,51049
0.21681392192840576,0.7540003527345404,0.8414385561526905,473,51099
0.003518198151141405,0.707574001889596,0.7656163891770181,473,51149
0.028065873309969902,0.7835145584318326,0.858875831923121,474,51199
0.15475374460220337,0.5510088438018445,0.6151405018538452,474,51249
0.03721227869391441,0.7941909079836448,0.8616810670828418,474,51299
0.02793256565928459,0.6944792394863833,0.7455779258658658,475,51349
0.01085415855050087,0.710862853681651,0.7629024258344647,475,51399
0.050446536391973495,0.7761018802574176,0.8727325817005678,476,51449
0.08615462481975555,0.7867872097122631,0.8780847298046389,476,51499
0.012675408273935318,0.7265655348039246,0.787366648402021,477,51549
0.1073499545454979,0.6897108914738027,0.7319595540548205,477,51599
0.05281718075275421,0.6859039248505364,0.7442699709895122,478,51649
0.024234943091869354,0.7886115126162596,0.8678717340775991,478,51699
0.01942412555217743,0.6831792296196927,0.7638044236330208,479,51749
0.03314491733908653,0.6046105494557923,0.66317501558864,479,51799
0.03563724458217621,0.8181729519418005,0.8929410900146655,480,51849
0.035672616213560104,0.7267318263984034,0.7982113564058944,480,51899
0.018722549080848694,0.6970551453789566,0.754134077566446,481,51949
0.031686194241046906,0.6578047288024231,0.7731276560422901,481,51999
0.28093937039375305,0.6856656260467177,0.7548669534582023,481,52049
0.029699096456170082,0.6748548073390033,0.739332403696453,482,52099
0.2250707447528839,0.7662620458092299,0.849723397541898,482,52149
0.12108658254146576,0.7360401683313723,0.8383422961213692,483,52199
0.08808665722608566,0.7867078247566239,0.8498003632288454,483,52249
0.08756881207227707,0.6713886185677509,0.7442188343701012,484,52299
0.013575130142271519,0.6911739778176255,0.7490769487729939,484,52349
0.001911911298520863,0.6532442845462944,0.7121468616326116,485,52399
0.056971948593854904,0.7251072383499844,0.8220950180484193,485,52449
0.09873627871274948,0.6287529141141756,0.7025223523041103,486,52499
0.19410870969295502,0.7871551004591472,0.8717172479110205,486,52549
0.1047031432390213,0.7715587515960224,0.8423200613793645,487,52599
0.006387599278241396,0.7953847641610722,0.8630072134113709,487,52649
0.05292221158742905,0.731741343510727,0.7887124779849279,487,52699
0.008072488941252232,0.6928240678257558,0.7445577000838447,488,52749
0.06874311715364456,0.6370508637699471,0.690805599400302,488,52799
0.06236208230257034,0.7195805490003115,0.7652192713469498,489,52849
0.054521914571523666,0.7655018635161611,0.8252271085495805,489,52899
0.027400385588407516,0.7676065217142922,0.8497013484799615,490,52949
0.11781885474920273,0.679497545499051,0.7462947462857189,490,52999
0.029856478795409203,0.7454729234906051,0.8078967801893522,491,53049
0.08372725546360016,0.7838443419275306,0.8361375789802888,491,53099
0.07508080452680588,0.7990774392606977,0.8685785128577221,492,53149
0.19485339522361755,0.806879214469822,0.8937868726282668,492,53199
0.16403719782829285,0.7123223404183998,0.8107217922301945,493,53249
0.1282007247209549,0.6087056838466715,0.6634226249425607,493,53299
0.13555584847927094,0.5963389191542057,0.6545455834479803,493,53349
0.015210720710456371,0.7282181123400807,0.811578964299079,494,53399
0.12367526441812515,0.6742519656304703,0.7284709711175322,494,53449
0.20518545806407928,0.6947472875492385,0.7668795634759146,495,53499
0.0843067467212677,0.6755282628121434,0.7358889623869009,495,53549
0.11258859932422638,0.8690503545268923,0.9149073682545834,496,53599
0.13644710183143616,0.7208362707495845,0.7873612084484375,496,53649
0.07454273104667664,0.8050977969492292,0.8650831230891803,497,53699
0.1448371261358261,0.7685116519516794,0.8335172652513183,497,53749
0.06651384383440018,0.8057761691625407,0.8904723219361319,498,53799
0.10794784128665924,0.651753263698085,0.6909599119170403,498,53849
0.0027263567317277193,0.6876613260885444,0.7341221074028603,499,53899
0.02153623290359974,0.7680448350195491,0.8280011167770888,499,53949
0.02229354716837406,0.6586806190719573,0.7335080049439239,499,53999
